<?xml version="1.0" encoding="UTF-8"?>
<!--
    Licensed to the Apache Software Foundation (ASF) under one or more
    contributor license agreements.  See the NOTICE file distributed with
    this work for additional information regarding copyright ownership.
    The ASF licenses this file to You under the Apache License, Version 2.0
    (the "License"); you may not use this file except in compliance with
    the License.  You may obtain a copy of the License at

       http://www.apache.org/licenses/LICENSE-2.0

    Unless required by applicable law or agreed to in writing, software
    distributed under the License is distributed on an "AS IS" BASIS,
    WITHOUT WARRANTIES OR CONDITIONS OF ANY KIND, either express or implied.
    See the License for the specific language governing permissions and
    limitations under the License.
-->
<blueprint xmlns="http://www.osgi.org/xmlns/blueprint/v1.0.0"
                xmlns:xsi="http://www.w3.org/2001/XMLSchema-instance"
                default-activation="eager">
  
    <bean id="derbyXADataSource" class="org.apache.derby.jdbc.EmbeddedXADataSource">
        <property name="databaseName" value="tradedb"/>
        <!-- This creates the database on the fly. See the persistence.xml  under ariestrader-entities for property
          configuration. The DB is created from persistence entities, this is not recommended for production use.  -->
       <property name="createDatabase" value="create" />
    </bean>
  
    <service id="TradeDataSource" ref="derbyXADataSource" interface="javax.sql.XADataSource">
        <service-properties>
            <entry key="osgi.jndi.service.name" value="jdbc/TradeDataSource"/>
        </service-properties>
    </service>

  
    <bean id="derbyDataSource" class="org.apache.derby.jdbc.EmbeddedDataSource">
        <property name="databaseName" value="tradedb"/>
        <!-- This creates the database on the fly. -->
       <property name="createDatabase" value="create" />
    </bean>
  
    <service id="NoTxTradeDataSource" ref="derbyDataSource" interface="javax.sql.DataSource">
        <service-properties>
            <entry key="osgi.jndi.service.name" value="jdbc/NoTxTradeDataSource"/>
        </service-properties>
    </service>
  
</blueprint>
